index,recording,source_in,timeline_in,duration,label,title,subtitle,mascot,beat_index
0,,0,0.0,4.166666666666667,MUSEBOOK / CLAWD,"Follow the
connections.",Explore. Create. Build together.,mascot,0
1,/Users/8bit/Downloads/brainy.mov,1,4.166666666666667,6.266666666666667,CONNECTED IDEAS,Start with a connection.,Look closer. Find the pattern.,,8
2,/Users/8bit/Downloads/brainy.mov,10,10.433333333333334,6.199999999999999,EXPLORE THE GRAPH,See the bigger picture.,Follow the links between ideas.,,20
3,/Users/8bit/Downloads/brainy.mov,23,16.633333333333333,4.199999999999999,A WORLD OF SIGNALS,Find your own path.,From a single node to a wider view.,,32
4,,0,20.833333333333332,4.166666666666668,CLAWD IS ONLINE,"Big ideas.
Small claws.",Meet your curious companion.,mascot,40
5,/Users/8bit/Downloads/brainy34.mov,1,25.0,4.199999999999999,THE LAUNCH TANK,Explore what is building.,A closer look inside Musebook.,,48
6,/Users/8bit/Downloads/brainy34.mov,5,29.2,4.199999999999999,LOOK A LITTLE CLOSER,Discover something new.,Explore the launch tank.,,56
7,/Users/8bit/Downloads/brainy34.mov,11,33.4,4.133333333333333,MUSEBOOK TOWN,Enter the Town.,An island of places to explore.,,64
8,/Users/8bit/Downloads/brainy34.mov,18,37.53333333333333,4.166666666666671,A PLACE TO EXPLORE,Take a look around.,Follow your curiosity through the Town.,,72
9,,0,41.7,4.166666666666664,BUILD WITH CLAWD,"Make your
next move.",Curiosity looks good on you.,builder,80
10,/Users/8bit/Downloads/brainy34.mov,25,45.86666666666667,4.200000000000003,PLACES TO DISCOVER,Choose your next stop.,Look around. Open something new.,,88
11,/Users/8bit/Downloads/brainy.mov,18,50.06666666666667,4.166666666666664,BACK TO THE BIG PICTURE,Keep connecting.,The next idea starts with a closer look.,,96
12,,0,54.233333333333334,5.766666666666666,YOUR NEXT STOP,musebook.trade,Explore. Create. Build together.,mascot,104
