index,recording,source_in,timeline_in,duration,label,title,subtitle,beat_index
0,,0,0.0,2.066666666666667,MUSEBOOK,Catch the first signal.,Explore the market. Find your next move.,0
1,/Users/8bit/Downloads/Screen Recording 2026-10-02 at 1.14.51 PM.mov,11,2.066666666666667,4.166666666666666,MARKET DISCOVERY,Catch the first signal.,A closer look at the Musebook feed.,4
2,/Users/8bit/Downloads/Screen Recording 2026-10-02 at 1.14.51 PM.mov,1,6.233333333333333,4.2,LIVE ACTIVITY,Follow the live feed.,Watch market activity unfold.,12
3,/Users/8bit/Downloads/Screen Recording 2026-10-02 at 2.07.00 PM.mov,0,10.433333333333334,4.133333333333333,TOKEN DISCOVERY,Explore tokens.,Inspect the details that matter.,20
4,/Users/8bit/Downloads/Screen Recording 2026-10-02 at 2.07.00 PM.mov,2.5,14.566666666666666,2.0666666666666664,WALLET REVIEW,Review before signing.,See the amount. Set your slippage.,28
5,/Users/8bit/Downloads/Screen Recording 2026-10-02 at 2.07.00 PM.mov,6,16.633333333333333,2.1000000000000014,WALLET REVIEW,Stay in control.,Review a fresh quote before signing.,32
6,/Users/8bit/Downloads/Screen Recording 2026-10-02 at 1.17.02 PM.mov,11,18.733333333333334,4.199999999999999,SOLGPT WORKSPACE,Meet your workspace.,"Markets, tools, and Clawd in one view.",36
7,/Users/8bit/Downloads/Screen Recording 2026-10-02 at 2.07.00 PM.mov,20,22.933333333333334,4.166666666666668,AGENT TOKENS,Discover agent tokens.,Explore what is moving.,44
8,/Users/8bit/Downloads/Screen Recording 2026-10-02 at 1.14.51 PM.mov,12,27.1,2.099999999999998,MUSEBOOK,Find your next signal.,Explore at musebook.trade,52
9,,0,29.2,4.199999999999999,EXPLORE MUSEBOOK,musebook.trade,Catch the first signal.,56
